filename,chroma_stft,melspectogram,spectral_contrast,tonnetz,mfcc1,mfcc2,mfcc3,mfcc4,mfcc5,mfcc6,mfcc7,mfcc8,mfcc9,mfcc10,mfcc11,mfcc12,mfcc13,mfcc14,mfcc15,mfcc16,mfcc17,mfcc18,mfcc19,mfcc20,mfcc21,mfcc22,mfcc23,mfcc24,mfcc25,mfcc26,mfcc27,mfcc28,mfcc29,mfcc30,mfcc31,mfcc32,mfcc33,mfcc34,mfcc35,mfcc36,mfcc37,mfcc38,mfcc39,mfcc40,label
01-n12-04-angry.wav,0.8273634910583496,0.01848289556801319,6.466067760711256,0.011883619156128612,-607.9830932617188,113.90757751464844,31.748538970947266,38.749263763427734,17.228839874267578,-8.702439308166504,-8.558862686157227,0.5469315052032471,-3.9536197185516357,-4.556262016296387,-6.739659786224365,-9.180455207824707,-0.6443572044372559,1.1827924251556396,-2.2536983489990234,3.0414109230041504,0.661522388458252,-4.891617298126221,5.634024143218994,5.282048225402832,-5.623327732086182,-0.40097925066947937,5.4981560707092285,-2.8773109912872314,-2.05171799659729,2.89139723777771,-0.3437677025794983,-0.061291661113500595,1.2681655883789062,-0.2064734846353531,-1.3798836469650269,-0.014362744055688381,-0.5512386560440063,-0.8168430924415588,-0.2800920605659485,-1.562163233757019,0.5592385530471802,0.23494426906108856,-2.414170503616333,-0.45422813296318054,Angry
01-n13-04-angry.wav,0.7529510259628296,0.01956336200237274,7.61594956679582,-0.0027425631396143972,-614.6467895507812,138.82484436035156,28.078584671020508,29.883237838745117,6.4746856689453125,-6.956543445587158,-5.634232521057129,5.031143665313721,-12.762069702148438,-14.437931060791016,-1.8194844722747803,-2.646559000015259,-0.5703157782554626,1.9429746866226196,-1.883333444595337,1.3873425722122192,5.822693824768066,-1.1659901142120361,0.4114322066307068,3.801926851272583,-1.8841745853424072,-2.5018060207366943,3.1905505657196045,-2.7518558502197266,-3.4796664714813232,1.7421975135803223,0.26919320225715637,-0.7815758585929871,-0.777963399887085,-0.9127408266067505,-1.1759182214736938,1.5379281044006348,1.2896482944488525,-0.9803318381309509,-1.8199673891067505,-1.8166615962982178,1.161381483078003,0.31618958711624146,-3.390795946121216,-2.8156046867370605,Angry
03-01-04-01-01-01-02.wav,0.7244378924369812,0.031203558668494225,7.036025061709142,0.00632005976667631,-562.7459716796875,44.091697692871094,-10.713083267211914,6.358832836151123,-6.625502109527588,-4.40248966217041,-3.995467185974121,-9.943117141723633,-4.720573902130127,-1.9763579368591309,-3.2740767002105713,-2.060913562774658,-5.1232829093933105,1.2284504175186157,-5.467275142669678,-3.4751365184783936,-3.9755659103393555,-1.9053897857666016,-2.340559720993042,1.1717236042022705,1.8304959535598755,0.677176833152771,-0.3290247917175293,-0.7616224884986877,0.6453563570976257,1.5915229320526123,3.4940574169158936,3.151735544204712,0.08084379881620407,0.8892722725868225,-1.2719899415969849,2.9463272094726562,2.018777370452881,3.0217082500457764,0.3173055648803711,1.5321648120880127,-0.9372228384017944,1.5296375751495361,0.4518202245235443,0.9145022034645081,Angry
03-01-04-01-01-02-18.wav,0.7318952679634094,0.028886882588267326,7.926846622993833,-0.002104559496406037,-558.6138305664062,50.90441131591797,-16.16153907775879,2.4692728519439697,-10.800256729125977,-4.8088297843933105,0.9757270812988281,-15.073331832885742,-14.809569358825684,-1.2818063497543335,-4.3807854652404785,-4.173676013946533,-5.570977210998535,-4.41140604019165,-3.0206360816955566,-4.051421642303467,-9.741073608398438,-5.9938645362854,-4.260151386260986,-3.786496639251709,-3.179920196533203,-2.631415843963623,-2.5873522758483887,1.017851710319519,-2.047889471054077,0.802524983882904,-1.3343284130096436,2.024669647216797,-0.12134670466184616,2.244198799133301,-0.7005702257156372,4.818625450134277,1.5322442054748535,3.803060531616211,1.4383668899536133,3.705812931060791,0.7674725651741028,1.1418473720550537,-0.6083398461341858,1.2778271436691284,Angry
1024-ITH-04-XX.wav,0.7810577154159546,0.1136365532875061,6.356206972901256,-0.024362032783573344,-367.1902770996094,133.9490966796875,-6.10763692855835,45.98763656616211,-7.585036754608154,17.223405838012695,-11.685422897338867,8.91057300567627,-9.914673805236816,3.112396001815796,-0.7698479890823364,-9.265076637268066,0.8433555960655212,-8.450044631958008,2.3752660751342773,-13.209877967834473,0.010803626850247383,-6.120164394378662,-0.9966897368431091,-3.5117366313934326,-3.287112236022949,1.8523917198181152,0.22713199257850647,6.9998369216918945,-3.954040765762329,4.917266368865967,-3.652601957321167,-0.47826147079467773,0.10669997334480286,-1.5483245849609375,2.165473461151123,-0.07046447694301605,4.995542049407959,0.18860088288784027,1.3745970726013184,1.4303597211837769,3.8610897064208984,-1.545145869255066,0.9266122579574585,0.9729674458503723,Angry
1073-MTI-04-ANG-XX.wav,0.8431682586669922,0.7828254699707031,4.6017301083443565,-0.020884414574810002,-348.71612548828125,128.67994689941406,7.728693008422852,53.34141159057617,-14.267892837524414,2.9644100666046143,3.4839463233947754,-2.016119956970215,-14.06185531616211,1.286491870880127,-3.201608657836914,-1.6579737663269043,5.124682426452637,-10.415861129760742,5.184377670288086,-3.7484631538391113,-1.488050103187561,-0.4865667521953583,-3.6666879653930664,-6.012685775756836,-2.568378448486328,-1.8791327476501465,-5.854547500610352,1.0127609968185425,-5.349456310272217,-2.398644208908081,-2.7086987495422363,-0.7333061099052429,-0.6098957657814026,2.7727720737457275,8.326955795288086,7.201548099517822,7.421923637390137,2.7169957160949707,3.4138567447662354,0.846347987651825,2.7994909286499023,2.0008366107940674,1.2801640033721924,-0.1519932597875595,Angry
OAF-coolangry-04-XX.wav,0.7785115242004395,0.32115933299064636,6.437879781819254,-0.06910606427426354,-402.0074462890625,52.84126281738281,-2.786113739013672,-7.541350841522217,-18.64940643310547,-3.8278470039367676,-17.300622940063477,-1.788684606552124,-13.664491653442383,0.1644778847694397,-13.948395729064941,7.8442816734313965,-5.784340858459473,4.856321334838867,5.231574535369873,2.659454822540283,-1.9058974981307983,-4.56175422668457,-8.436882019042969,-4.536660194396973,-1.6440510749816895,13.333273887634277,13.446751594543457,23.54680633544922,22.913284301757812,23.08306884765625,9.975014686584473,8.317618370056152,1.6862821578979492,7.119935512542725,7.571757793426514,10.929611206054688,2.517380714416504,-1.463837742805481,1.0036731958389282,2.2125651836395264,0.09131425619125366,3.5744454860687256,-5.0044965744018555,0.23739169538021088,Angry
OAF-pearl-04-angry.wav,0.8001490235328674,0.6887472867965698,5.7456502215771295,0.005410221717228105,-400.59002685546875,67.87311553955078,2.619748115539551,-17.74143409729004,-14.009867668151855,10.28988265991211,-19.01420021057129,-7.468008995056152,-14.744789123535156,-8.389092445373535,-2.7418668270111084,0.09769883006811142,8.267091751098633,5.63392972946167,-1.493255376815796,1.9239848852157593,-6.528465270996094,-3.539161443710327,-3.658827543258667,-12.535317420959473,-4.025798320770264,1.5032083988189697,-7.440608978271484,17.760194778442383,15.794076919555664,30.61787223815918,21.543197631835938,20.16010093688965,8.413128852844238,7.515077590942383,2.4697682857513428,8.242654800415039,6.225612163543701,0.6464542150497437,3.1010382175445557,2.6985650062561035,5.601296901702881,9.824752807617188,-0.9757847189903259,-1.8195291757583618,Angry
su08-angry-04-XX.wav,0.5556768178939819,0.025506017729640007,9.871944034229104,-0.0015016007839813046,-575.28662109375,99.26880645751953,21.880891799926758,35.080867767333984,-0.4127621650695801,0.6856549382209778,-7.447873592376709,-4.803663730621338,-13.181341171264648,-12.887250900268555,-4.987245082855225,-4.717952251434326,-0.9470410943031311,-1.107231855392456,-0.37441471219062805,2.772395133972168,2.8850040435791016,-1.0987120866775513,0.6226047277450562,1.0688848495483398,-2.630349636077881,-2.7846968173980713,1.653696894645691,-1.278767466545105,0.09052660316228867,0.16302189230918884,-1.8214879035949707,2.3159093856811523,4.787811279296875,5.802177429199219,4.45842981338501,5.208548069000244,2.596606969833374,2.1901144981384277,5.334323406219482,3.6399292945861816,3.9652092456817627,2.312124013900757,0.4502263367176056,3.29843807220459,Angry
YAF-goodangry-04-XX.wav,0.8093098998069763,0.8059154748916626,6.472976533084074,-0.0003014374993065637,-324.9128723144531,25.00372314453125,-3.3565726280212402,21.317590713500977,-25.64482307434082,-3.9434814453125,-7.119849681854248,-23.11545753479004,-12.71240520477295,-1.7863621711730957,-20.490110397338867,11.61343765258789,-13.887940406799316,4.237335205078125,0.09560520946979523,-6.236656665802002,0.8786052465438843,0.8843689560890198,-8.932008743286133,3.863926649093628,-3.2301602363586426,-3.6978063583374023,-4.594242095947266,0.35425111651420593,1.8363877534866333,5.449427604675293,4.9329304695129395,15.237604141235352,11.335472106933594,15.970549583435059,11.22439956665039,9.791784286499023,4.475586891174316,5.028269290924072,4.538938045501709,5.816974639892578,1.7655935287475586,4.0511369705200195,0.40274250507354736,2.648730754852295,Angry
03-01-06-01-01-01-06.wav,0.7524877786636353,0.0005281436606310308,7.630222409565763,-0.0368471886769705,-683.5110473632812,57.87753677368164,-6.97231912612915,5.034223556518555,-5.400853633880615,-8.321321487426758,-15.869382858276367,-11.311463356018066,-7.392506122589111,-2.1267707347869873,-6.449045658111572,-4.051510334014893,-9.72016429901123,-3.9454293251037598,-3.650515556335449,-4.598738670349121,-9.72331428527832,-1.2628909349441528,-9.159205436706543,-4.617734909057617,-6.130979537963867,-1.1387412548065186,-5.203689098358154,1.4724130630493164,-2.9572906494140625,-0.6270782351493835,-3.525698184967041,3.4528987407684326,0.12363115698099136,8.292289733886719,5.099433898925781,10.673141479492188,4.2624430656433105,7.175604820251465,0.8215763568878174,2.4952194690704346,-0.7953238487243652,4.742525100708008,1.0351847410202026,2.027604579925537,Disgusted
03-01-06-01-02-01-01.wav,0.7804673314094543,0.004228397272527218,6.674575242871375,-0.01928400370888974,-667.7708740234375,71.68889617919922,1.535446286201477,13.043892860412598,1.3649967908859253,3.87695050239563,-5.261165618896484,-11.692276954650879,-8.878016471862793,-1.608600378036499,-2.932853937149048,-2.613955020904541,-1.3945540189743042,-5.906294345855713,-2.9839487075805664,0.4066880941390991,-5.714714527130127,-1.8605515956878662,-1.4265637397766113,-3.0069048404693604,-8.8145112991333,0.6680143475532532,-3.3800745010375977,-3.247811794281006,-4.37913179397583,-1.595184564590454,-4.182549953460693,-1.1791831254959106,-2.427098035812378,-1.1237242221832275,-4.251251697540283,-1.629960060119629,-4.4227447509765625,-1.6512669324874878,-4.481997489929199,-1.1326441764831543,-1.9654021263122559,-2.2549455165863037,-5.599472999572754,-2.2274818420410156,Disgusted
03-01-06-01-02-01-02.wav,0.8170058727264404,0.013355525210499763,5.880153538278295,-0.01564304116033791,-617.8863525390625,51.76876449584961,-9.192516326904297,4.379255771636963,-5.696264266967773,-2.4076647758483887,-8.336408615112305,-12.726258277893066,-6.023684024810791,0.013157051056623459,-9.183883666992188,-1.6274776458740234,-8.431501388549805,-1.42457914352417,-5.862920761108398,-5.132489204406738,-2.768219470977783,-4.482151985168457,-5.672174453735352,-2.654217481613159,-4.071571350097656,-6.133783340454102,-6.345345497131348,-2.667471408843994,-7.603610515594482,-3.797934055328369,-3.974452495574951,-0.9232426881790161,1.4895670413970947,4.4391632080078125,3.344086170196533,5.278335094451904,1.224310040473938,2.1677122116088867,-0.37791600823402405,1.6477514505386353,-0.24673479795455933,3.762346029281616,3.165910482406616,4.003576755523682,Disgusted
03-01-06-02-01-02-11.wav,0.752714216709137,0.014726346358656883,6.831750228779938,-0.011468615671246813,-575.8753051757812,55.90230941772461,12.649862289428711,18.203439712524414,5.7558722496032715,3.7403564453125,3.4249753952026367,0.4008556604385376,-6.076437950134277,1.4508723020553589,4.671860218048096,-2.695852041244507,-1.883157730102539,0.5508046746253967,1.611371636390686,1.2165275812149048,-1.7160236835479736,4.200214385986328,-0.47022899985313416,1.4119946956634521,-1.305161476135254,1.8735437393188477,-2.406942129135132,1.7534092664718628,-0.9060743451118469,0.761981725692749,-3.604651927947998,2.69245982170105,-2.5821335315704346,2.569578170776367,-0.5808353424072266,1.089402675628662,0.6763342022895813,0.6870266795158386,-1.1830320358276367,1.2298589944839478,-1.4735146760940552,0.003134750761091709,-1.3045670986175537,-0.1267811805009842,Disgusted
1001-TSI-06-DIS-XX.wav,0.8096112012863159,0.15853752195835114,5.931339921514923,-0.012521479757360749,-353.74859619140625,104.35552978515625,-5.786184787750244,50.617225646972656,-13.289511680603027,29.24839973449707,-19.364633560180664,4.356595039367676,-13.250375747680664,-1.2542617321014404,-9.318509101867676,-1.2940359115600586,-4.032956600189209,-12.81615924835205,8.440184593200684,-15.394133567810059,2.883645534515381,-10.07822036743164,0.15779410302639008,-6.57711935043335,-7.620206356048584,-1.9249991178512573,-5.15098237991333,-3.306241989135742,-6.461183547973633,5.1131205558776855,-8.967015266418457,-0.4745979607105255,-2.640828847885132,-1.0909799337387085,-0.6074831485748291,-1.2004317045211792,-0.6660686731338501,-2.757664680480957,0.31127169728279114,-5.59316873550415,-0.8166459798812866,-4.581087589263916,-0.8964634537696838,-3.5801873207092285,Disgusted
1003-IEO-06-DIS-MD.wav,0.8846063613891602,0.020440684631466866,4.0364733357124765,-0.015901220566032753,-420.9256896972656,141.52117919921875,-13.20141887664795,39.43062973022461,-13.553894996643066,26.04457664489746,-18.108367919921875,9.793270111083984,-9.930037498474121,-1.7618353366851807,-2.4176080226898193,-0.6124356985092163,-2.67094087600708,-16.112401962280273,4.678154468536377,-15.793755531311035,-1.3626500368118286,-8.20622444152832,-1.6769216060638428,-6.848773002624512,-4.1242828369140625,-1.135337471961975,-9.622261047363281,-3.3772125244140625,-6.612626075744629,3.15425968170166,-4.74520206451416,0.46283480525016785,-3.5311880111694336,-0.03334077075123787,-0.36457139253616333,-2.0580568313598633,0.7694581747055054,-3.3987505435943604,-0.18183094263076782,-5.021178722381592,1.1043230295181274,-2.4253036975860596,0.45579877495765686,-0.6293957829475403,Disgusted
OAF-shout-06-disgust.wav,0.7603529691696167,0.03957192227244377,7.9305984041584665,0.020702815600675366,-476.8324279785156,72.364013671875,12.453282356262207,4.720682621002197,8.559999465942383,9.946807861328125,-7.8700642585754395,5.371204376220703,-23.113439559936523,1.1738157272338867,-12.743223190307617,5.137541770935059,-2.7202744483947754,4.9858078956604,-1.975442886352539,2.8843746185302734,-3.9214699268341064,4.023730278015137,0.30073097348213196,0.7949382662773132,0.7471842765808105,1.082297682762146,-4.065330505371094,0.9985296726226807,-4.379766941070557,3.6054391860961914,-1.24790358543396,3.665073871612549,-0.30040618777275085,4.654034614562988,-0.3736366331577301,2.804539203643799,-1.3673008680343628,4.411940574645996,3.0190107822418213,3.624821424484253,5.544736385345459,6.704302787780762,5.726731777191162,9.580305099487305,Disgusted
OAF-size-06-disgust.wav,0.7042593955993652,0.03190557658672333,8.942902581852762,0.01277822870782475,-452.423828125,65.91769409179688,8.158740997314453,-0.18552999198436737,1.3049180507659912,12.921709060668945,-12.345762252807617,2.24721360206604,-18.434663772583008,5.530490875244141,-12.81837272644043,7.583598613739014,-4.68407678604126,3.358799934387207,-0.9671639204025269,0.9326187372207642,-2.4070005416870117,5.734271049499512,-2.9246480464935303,-1.14529287815094,2.2043628692626953,-1.7825777530670166,-6.75469970703125,1.5496269464492798,-3.0401904582977295,2.7697620391845703,-0.6988920569419861,5.3954925537109375,0.5453985929489136,5.244397163391113,-0.47104910016059875,1.7160749435424805,0.37662583589553833,4.824766159057617,2.370774507522583,5.128169536590576,5.666622161865234,8.755736351013184,8.859824180603027,12.691763877868652,Disgusted
YAF-witch-06-disgust.wav,0.7789470553398132,0.08809923380613327,7.3386521449231665,-0.0021491868683165905,-446.6144104003906,63.27857971191406,4.8258490562438965,28.85099983215332,-8.296798706054688,0.6441962718963623,-7.550418853759766,-13.777549743652344,-5.1109514236450195,-0.4976629614830017,-5.6774396896362305,8.0872163772583,-4.94976806640625,4.301431179046631,-2.345280408859253,-1.971721887588501,0.9265232086181641,-1.9857786893844604,-3.996554136276245,0.47117185592651367,-4.148492336273193,0.8323495984077454,-3.1936230659484863,3.811199426651001,-0.2407887578010559,1.6407005786895752,-0.6873750686645508,3.4148201942443848,1.8648501634597778,6.127406597137451,2.26802921295166,3.664165735244751,0.6371771097183228,0.018794244155287743,1.5445852279663086,1.207242488861084,4.192612171173096,3.860413074493408,3.6684517860412598,4.933780670166016,Disgusted
YAF-young-06-disgust.wav,0.784164309501648,0.15837186574935913,6.610406961831546,0.0030825037659317914,-411.3116760253906,88.4471206665039,6.342049598693848,20.248464584350586,-5.031517028808594,5.72430419921875,-5.975739002227783,-19.84713363647461,-7.3061628341674805,0.8857038617134094,-11.300040245056152,1.9538617134094238,-8.7424898147583,-0.7361003756523132,-7.115209102630615,0.08761151880025864,-1.0844072103500366,-4.734602451324463,-5.996358394622803,-1.6916292905807495,-5.651098728179932,-0.8522195219993591,-5.2469801902771,1.1058303117752075,-5.447992324829102,0.1540510356426239,-3.679553747177124,0.6639851331710815,1.3350212574005127,2.9157822132110596,0.7378749847412109,5.481026649475098,2.5286684036254883,2.584425687789917,2.171809673309326,-0.3555924892425537,3.722679376602173,4.184391975402832,3.406421184539795,5.603676795959473,Disgusted
03-01-05-01-01-01-04.wav,0.77044677734375,0.04564593359827995,6.82501456325026,-0.0011441570585413192,-556.6651000976562,26.804567337036133,-14.935110092163086,0.35638320446014404,-8.86383056640625,-6.091549396514893,-6.0787506103515625,-16.496004104614258,-11.206049919128418,-2.464570999145508,-6.964807987213135,-7.0099101066589355,-5.8458476066589355,1.6641952991485596,-5.9803571701049805,-1.902300238609314,-2.6365387439727783,-1.5673315525054932,1.0614356994628906,6.301745891571045,4.083059787750244,7.196277141571045,1.1281521320343018,2.495790719985962,-0.10552146285772324,2.8086154460906982,-0.21806132793426514,1.284424901008606,-2.0636093616485596,-1.7686691284179688,-3.251880645751953,-0.3648275136947632,-1.0875598192214966,-0.7496185302734375,-2.5931875705718994,0.021053340286016464,-1.6592236757278442,0.7052045464515686,-1.3817163705825806,0.3597607910633087,Fearful
03-01-05-01-01-01-05.wav,0.7815340161323547,0.007114500738680363,5.760849664110292,0.0043424328628878135,-662.7588500976562,54.488136291503906,2.7560348510742188,11.235569953918457,2.966984272003174,-4.775852203369141,-4.892446994781494,-1.0246082544326782,-1.0398765802383423,-0.6449227333068848,-1.2509870529174805,1.015021800994873,-4.037811279296875,-0.0985627993941307,-0.4810612201690674,-0.4666931927204132,0.03329933434724808,3.874964952468872,-1.7349425554275513,3.4202778339385986,-5.10139799118042,-1.4323750734329224,-1.670158863067627,1.1182023286819458,-2.9379420280456543,1.8870229721069336,-1.4749447107315063,1.0539498329162598,0.022076494991779327,2.539604425430298,0.4070592224597931,2.020918846130371,0.9544157385826111,4.01410436630249,3.4191856384277344,1.851271152496338,-0.24926277995109558,1.2151708602905273,0.9795709252357483,3.0934407711029053,Fearful
03-01-05-02-01-01-11.wav,0.7835584878921509,0.2839593291282654,6.9217122314511315,0.0022102195135414,-480.542236328125,42.06981658935547,-5.087904453277588,6.178752899169922,-0.7731525301933289,-2.7092883586883545,-2.202928066253662,-4.099490642547607,-11.249944686889648,-4.991271018981934,0.06649426370859146,0.1240210309624672,-3.2288715839385986,-2.359811782836914,-3.69728422164917,0.7588219046592712,-5.450864791870117,-1.4822458028793335,-3.2409887313842773,-0.22668495774269104,-5.471473693847656,-1.1182883977890015,-1.107532262802124,-0.37083402276039124,-2.723238229751587,1.106588363647461,-4.413096904754639,1.8453822135925293,0.15463948249816895,5.316012382507324,9.057452201843262,10.471002578735352,8.479393005371094,5.4654221534729,-0.417093962430954,1.5591024160385132,0.5247466564178467,3.676084518432617,3.4057509899139404,2.0690934658050537,Fearful
03-01-05-02-01-01-12.wav,0.7645025849342346,0.6164888143539429,7.0344758601755455,0.006158525613081819,-434.4296875,34.28779602050781,-21.221498489379883,-2.2168712615966797,-2.664698362350464,-9.857414245605469,-5.85123872756958,-10.055110931396484,-8.497234344482422,8.148983001708984,-7.093725681304932,-3.0049548149108887,-3.4619321823120117,2.56040358543396,11.776568412780762,13.309318542480469,12.323403358459473,17.58694076538086,7.199863433837891,5.435473442077637,1.5961326360702515,5.7036943435668945,2.2261812686920166,3.404611825942993,-0.4049064815044403,1.546098232269287,-0.06332027912139893,3.976104259490967,2.331371307373047,5.355898857116699,4.417982578277588,7.2206339836120605,5.124878883361816,4.741748809814453,3.1392080783843994,3.8314435482025146,2.199230432510376,4.192927837371826,1.421036958694458,1.2962616682052612,Fearful
1082-ITS-05-FEA-XX.wav,0.8400018811225891,0.4470454752445221,4.817598799525842,-0.04439343324125934,-347.885986328125,105.71121978759766,-3.3371360301971436,47.524600982666016,-16.179027557373047,19.915664672851562,-21.048919677734375,2.546766519546509,-10.093093872070312,4.746863842010498,-6.181936740875244,-8.059438705444336,-2.6014461517333984,-7.344720363616943,6.68104362487793,-12.819243431091309,3.5357511043548584,-7.864130973815918,-2.034081220626831,-5.6008806228637695,-0.9205625653266907,0.8216707706451416,-2.573535203933716,5.350808620452881,2.2706258296966553,7.513725280761719,-1.40291166305542,3.6991124153137207,-3.3559837341308594,0.536016047000885,-0.8130361437797546,-1.5313575267791748,-1.204237699508667,-4.703235626220703,-0.5527775883674622,-2.315617799758911,3.438769817352295,-2.9470343589782715,0.21698272228240967,-1.4844642877578735,Fearful
1082-IWL-05-FEA-XX.wav,0.8127440810203552,0.423589289188385,5.40532565340431,-0.02090612739482054,-388.4450378417969,116.25303649902344,-3.4131009578704834,39.32164764404297,-13.309894561767578,21.35704231262207,-7.779151439666748,1.0382832288742065,-5.383513450622559,5.799155235290527,-2.54577374458313,-5.279163360595703,-2.3905112743377686,-5.453295707702637,4.379702568054199,-11.45065689086914,2.3419291973114014,-7.333917617797852,-3.3448092937469482,-8.803961753845215,-7.19338321685791,-5.486166000366211,-7.878423690795898,6.246072769165039,2.72944974899292,10.753815650939941,7.429378032684326,7.667890548706055,2.177128553390503,0.4622947573661804,-3.3547730445861816,-4.122986793518066,-1.2778234481811523,-5.0678300857543945,-0.48749855160713196,-2.9875895977020264,-0.07503089308738708,-2.4023561477661133,-1.256579875946045,-3.07033634185791,Fearful
OAF-back-05-fear.wav,0.7709898352622986,0.2776174545288086,6.976739364057629,-0.03207082272757149,-434.8429260253906,62.21438217163086,1.2409858703613281,-7.658074378967285,2.2830872535705566,3.8441667556762695,-14.228564262390137,0.26964712142944336,-11.322652816772461,4.499729633331299,-13.458061218261719,-6.326655864715576,-4.551631450653076,-0.45423269271850586,-1.2966575622558594,2.9009995460510254,-5.881287574768066,5.0034661293029785,2.607187509536743,-6.810384273529053,4.13320255279541,14.861786842346191,11.289794921875,27.636037826538086,22.3133487701416,19.637353897094727,10.095341682434082,5.451702117919922,-3.6648316383361816,4.947780132293701,-0.6492676138877869,3.594849109649658,-1.074364423751831,-3.3241727352142334,-0.1434924155473709,2.8876094818115234,-1.7256746292114258,0.9573038816452026,-1.8173834085464478,1.0493521690368652,Fearful
OAF-bar-05-fear.wav,0.8199396729469299,0.2401873767375946,5.640145496909459,-0.03489860582795379,-434.2413635253906,70.69287109375,12.337584495544434,-21.14772605895996,-7.4448699951171875,5.448283672332764,-12.48787784576416,0.18982547521591187,-16.319093704223633,1.5247154235839844,-21.328079223632812,-3.6336870193481445,-6.368849277496338,3.7142367362976074,-6.92803955078125,1.0560009479522705,-3.1010682582855225,0.33290034532546997,-0.5319658517837524,-4.573010444641113,1.1829668283462524,22.61839485168457,17.589515686035156,30.939212799072266,28.963632583618164,20.182207107543945,6.108529567718506,5.378452777862549,-2.3224048614501953,4.946567535400391,-0.7381637692451477,0.5052000880241394,-2.063883066177368,-4.666743278503418,0.07481648027896881,3.596714735031128,-5.262808322906494,0.25651073455810547,-2.7901127338409424,1.1611042022705078,Fearful
YAF-haze-05-fear.wav,0.7426981925964355,0.7447717785835266,7.749867309340917,-0.001966638897603479,-288.6527099609375,19.416889190673828,-12.94473934173584,28.366518020629883,-0.25622615218162537,-8.706839561462402,-4.6031084060668945,-3.9284164905548096,-6.981847286224365,3.3203322887420654,-17.290985107421875,11.917333602905273,-3.990325927734375,1.6442492008209229,8.59394645690918,-4.050136089324951,1.335523247718811,9.441295623779297,-4.5562052726745605,17.350765228271484,7.274962902069092,8.006359100341797,5.550928115844727,4.272968292236328,-2.841977834701538,5.649579048156738,-0.8043863773345947,4.838869094848633,-0.4168071150779724,3.3440053462982178,-2.861888885498047,1.5259144306182861,-4.242847919464111,-1.7558112144470215,-1.8038729429244995,1.0908440351486206,-0.9904633164405823,3.144768238067627,-1.446382999420166,3.150519609451294,Fearful
YAF-turn-05-fear.wav,0.7736440896987915,0.463674396276474,6.501796371719046,-0.02749967616108966,-335.84954833984375,39.464786529541016,-13.882376670837402,7.174204349517822,-0.46134763956069946,2.144315004348755,-2.479130983352661,-16.69336700439453,-4.204084396362305,10.475639343261719,-22.787511825561523,11.373956680297852,-3.2832703590393066,1.224306583404541,2.312594413757324,-3.2195026874542236,-0.3925282657146454,11.549695014953613,-4.137089252471924,13.159510612487793,9.174702644348145,3.644498586654663,-3.790644645690918,3.0519466400146484,2.0921952724456787,14.8126859664917,2.277985095977783,2.618093967437744,-2.3017959594726562,5.81094217300415,1.6445127725601196,3.9978809356689453,-5.73353910446167,-3.5597167015075684,-1.9546127319335938,2.8016278743743896,0.09714504331350327,2.644949436187744,4.015242576599121,4.401437282562256,Fearful
03-02-02-01-02-01-09.wav,0.7412835955619812,0.052997589111328125,8.279009121677532,0.0017237836185357953,-519.6076049804688,73.14249420166016,-27.79330062866211,10.536235809326172,5.882167816162109,-24.424699783325195,-13.323264122009277,-2.1695480346679688,-13.141193389892578,-8.279047012329102,-7.3110127449035645,-4.44735860824585,-7.444190979003906,3.990199565887451,-10.241257667541504,-1.6590960025787354,-1.7390642166137695,-3.15021014213562,-11.04371166229248,2.7965214252471924,-8.04632568359375,-6.717966079711914,-6.008167743682861,0.4989984929561615,-8.80587100982666,-2.133056879043579,-6.8126606941223145,-4.78934907913208,-1.67070734500885,-3.6739614009857178,-1.006681203842163,0.40340885519981384,-2.7914774417877197,-2.032705307006836,-0.036434851586818695,3.4006683826446533,6.648753643035889,11.532235145568848,12.08095645904541,11.489577293395996,Happy
03-02-02-02-02-01-07.wav,0.7721354365348816,0.03142959624528885,6.346677658167748,-0.005621295003546981,-557.2564086914062,66.38184356689453,-21.49126625061035,14.53311538696289,1.440722942352295,-24.592018127441406,-9.341111183166504,-2.629598379135132,-15.312156677246094,-1.994378924369812,-5.980696678161621,-5.5567545890808105,-2.0698513984680176,-3.2923665046691895,-7.825233459472656,-0.1859930008649826,-6.2399821281433105,-4.51413106918335,0.056708116084337234,-6.447554111480713,-7.660061359405518,0.12347531318664551,-6.5203142166137695,-2.863924264907837,0.5143253803253174,0.22511634230613708,-5.35894250869751,2.719650983810425,-4.515726089477539,3.3984193801879883,3.114419460296631,5.686974048614502,5.235157012939453,4.074740409851074,-1.3036268949508667,2.6703829765319824,3.2407591342926025,7.8845086097717285,10.621071815490723,8.827902793884277,Happy
1004-IWW-02-HAP-XX.wav,0.8326462507247925,0.026660118252038956,5.481985006897061,-0.01088557096641838,-427.08404541015625,138.51394653320312,-15.416251182556152,46.13107681274414,-9.90986156463623,26.474586486816406,-20.87552261352539,10.39113712310791,-8.145599365234375,-0.7800588607788086,-6.020418167114258,-3.8724305629730225,0.6335859298706055,-13.14669418334961,4.568636417388916,-18.68036651611328,-1.7743206024169922,-10.26264476776123,-3.7699005603790283,-5.786018371582031,-6.064088821411133,-4.322721004486084,-6.6980180740356445,1.1633505821228027,-8.782792091369629,0.1770164519548416,-7.914432048797607,0.9399996399879456,-2.9246790409088135,-1.1761950254440308,0.8526595234870911,-3.1632959842681885,1.626358985900879,-1.5222097635269165,0.8601313829421997,-4.87270450592041,1.2667468786239624,-2.3387484550476074,1.3510786294937134,0.20402808487415314,Happy
1081-TIE-02-HAP-XX.wav,0.848205029964447,0.14854983985424042,4.718248913289203,-0.016012402540605403,-402.86932373046875,137.1745147705078,8.178529739379883,47.4325065612793,-11.402507781982422,29.111753463745117,-21.570817947387695,7.9073357582092285,-6.137594223022461,3.5992963314056396,2.3431341648101807,-5.858901500701904,2.161266326904297,-9.352021217346191,6.341583728790283,-8.723971366882324,0.6976052522659302,-9.581476211547852,0.5806558132171631,-3.9984946250915527,-7.404810905456543,-1.9599318504333496,-5.985334873199463,1.9318259954452515,-3.151808500289917,6.297645092010498,-1.5045558214187622,3.6865389347076416,-0.6967353820800781,1.0114002227783203,4.626646518707275,0.02545531466603279,2.1173651218414307,-2.714398145675659,1.0330815315246582,-2.1907103061676025,3.7412307262420654,-0.3544280529022217,-0.24748167395591736,0.3927474319934845,Happy
a14-happy-02-XX.wav,0.6898691654205322,26.752344131469727,10.646064529631985,-0.003942834959138064,-212.97702026367188,90.56510162353516,-9.881064414978027,43.734107971191406,-9.354302406311035,-11.206464767456055,-11.1455078125,-3.049808979034424,-13.383771896362305,-5.91290283203125,-7.868594169616699,-4.827070713043213,-1.3850245475769043,-3.3619701862335205,2.053652048110962,-2.0574452877044678,-2.1984288692474365,0.43145063519477844,-2.3444197177886963,-5.679707050323486,-1.1085081100463867,-1.5612186193466187,-2.094062089920044,-1.5978068113327026,-0.966575026512146,-0.8092329502105713,-1.2022323608398438,1.066494345664978,-0.5505291223526001,0.8520331978797913,2.7339746952056885,5.117094993591309,4.491198539733887,3.1165671348571777,3.3391993045806885,1.9596352577209473,1.9993886947631836,3.5223071575164795,2.8788540363311768,2.0755012035369873,Happy
a15-happy-02-XX.wav,0.7012605667114258,26.883596420288086,10.658673884272805,0.014123273007293697,-228.01962280273438,104.61026763916016,-5.178056716918945,41.612239837646484,-4.737820148468018,-14.606795310974121,-14.240593910217285,-4.323345184326172,-17.41681671142578,-5.6216139793396,-7.700917720794678,-6.105259418487549,-1.9407377243041992,-6.910623550415039,2.538752555847168,0.004179950337857008,-3.9011270999908447,-0.5732855200767517,-2.3362298011779785,-8.083136558532715,-3.1207735538482666,-3.4848408699035645,-3.327890396118164,0.914827287197113,-1.853312373161316,-0.1709226667881012,3.8184256553649902,3.5421745777130127,-0.9694016575813293,1.451323390007019,1.509648084640503,2.4632673263549805,3.9513611793518066,1.3255060911178589,1.8807222843170166,2.150073289871216,2.1360347270965576,4.523611545562744,3.3790102005004883,2.7864725589752197,Happy
h01-happy-02-XX.wav,0.6697590947151184,20.350879669189453,9.739696046411252,0.0006899478747731246,-221.01956176757812,102.1986312866211,-7.415473937988281,40.31657791137695,-12.511758804321289,-9.726771354675293,-12.373367309570312,2.3241336345672607,-14.568145751953125,-1.9584424495697021,-1.253106713294983,-8.94936466217041,-3.2845871448516846,-4.7171950340271,1.350604772567749,0.03720535337924957,-0.3155474364757538,-1.1682804822921753,-1.766244888305664,-5.919915199279785,-1.5408995151519775,-2.798741340637207,-4.263885498046875,-0.6688188910484314,-0.6792353987693787,-1.2223267555236816,3.023881196975708,4.1931352615356445,0.6521708965301514,4.487778663635254,5.342978477478027,5.422907829284668,6.361268997192383,4.807286262512207,4.420653820037842,3.9575910568237305,3.898972988128662,6.15241813659668,4.870002269744873,3.543478012084961,Happy
OAF-shout-02-happy.wav,0.7496654391288757,0.06892748177051544,7.8187306721464775,-0.01895790991319826,-445.76446533203125,68.88310241699219,9.573675155639648,-0.22047929465770721,1.5883331298828125,-0.039014626294374466,-12.036981582641602,0.7363539338111877,-17.68781089782715,-3.6224887371063232,-10.048786163330078,-5.617523193359375,-2.098663806915283,-2.4528794288635254,1.9864161014556885,3.8907272815704346,-3.1042919158935547,12.422011375427246,-1.2328509092330933,1.0914528369903564,2.145646095275879,3.567181348800659,2.5100831985473633,10.661624908447266,2.218047857284546,8.443119049072266,0.5161153078079224,8.39247989654541,0.5097429752349854,7.408647060394287,0.8986308574676514,4.702329635620117,1.5260064601898193,3.951537847518921,1.2965601682662964,5.324353218078613,2.1071202754974365,4.941253662109375,6.510712146759033,11.475754737854004,Happy
YAF-wash-02-happy.wav,0.7803090810775757,1.5823962688446045,6.569802459214821,-0.011941985692568668,-324.1985168457031,35.043514251708984,-14.903061866760254,23.274059295654297,-21.790054321289062,0.48650696873664856,0.21526844799518585,-15.354461669921875,7.485980033874512,-9.45203971862793,-4.802253246307373,6.070924758911133,-11.296573638916016,9.118978500366211,-8.617071151733398,0.4456366300582886,-1.1515517234802246,2.295233964920044,-4.510777473449707,0.3759172558784485,-7.518906116485596,0.9419100284576416,1.0609807968139648,11.335938453674316,5.302859306335449,4.371528148651123,-1.7528576850891113,0.02796381525695324,8.233263969421387,12.236376762390137,8.112714767456055,8.242744445800781,2.0605247020721436,3.873382806777954,2.969278335571289,5.328964710235596,-1.3269567489624023,-3.780977249145508,-4.772202014923096,0.9534413814544678,Happy
YAF-youth-02-happy.wav,0.7584336996078491,1.4644086360931396,7.0866998871297,-0.012288020096240717,-341.73614501953125,18.66688346862793,-8.788965225219727,31.40283203125,-2.058910608291626,-3.9808120727539062,-11.0615234375,-14.793853759765625,-2.3032689094543457,-9.483092308044434,-9.116297721862793,11.994982719421387,-14.413006782531738,8.212067604064941,-3.471083402633667,-5.904109954833984,0.8033329844474792,-1.1113241910934448,-3.0640974044799805,3.9587016105651855,-6.115765571594238,1.1012752056121826,1.3652877807617188,9.086806297302246,5.07146692276001,4.4007039070129395,-2.735490322113037,2.6587862968444824,5.044042110443115,11.594574928283691,6.334434986114502,-0.8768023252487183,-1.8873339891433716,5.283819675445557,7.165114879608154,6.993010520935059,-1.6227993965148926,-1.8881185054779053,-2.086005687713623,-0.6333382725715637,Happy
03-01-01-01-01-01-14.wav,0.7883045673370361,0.0009009863715618849,5.646387792983849,-0.006709918343312223,-762.1279907226562,42.585453033447266,5.93607234954834,10.665694236755371,-6.273038864135742,-5.5398383140563965,-4.326401233673096,-7.836212635040283,-4.5946197509765625,-3.0081348419189453,-2.1136066913604736,-4.791902542114258,-3.2146894931793213,-1.6350712776184082,-4.970383644104004,-1.9506291151046753,-3.407796621322632,-2.8876445293426514,-3.8238768577575684,0.5267918109893799,-0.4461912512779236,2.465369462966919,0.5686123371124268,2.9580442905426025,-1.7574667930603027,0.13211689889431,-1.698320984840393,1.257639765739441,-0.9152584075927734,0.5768401026725769,-1.5705610513687134,-0.46273136138916016,-1.1518478393554688,1.1503077745437622,0.6032377481460571,2.752551794052124,3.0150225162506104,3.476895332336426,1.2646256685256958,1.8394533395767212,Neutral
03-01-01-01-01-01-16.wav,0.7980238795280457,0.00512147368863225,5.579512156692177,-0.003914979891191117,-661.5667114257812,58.191192626953125,5.408838272094727,9.65488338470459,-1.2919327020645142,-7.477569580078125,-9.099822044372559,-5.6682658195495605,-6.797689437866211,-1.9755593538284302,-8.943408012390137,-2.40901780128479,-3.68335223197937,-5.127671241760254,-3.065161943435669,-6.031150817871094,-3.2272262573242188,-3.299647092819214,-5.455435276031494,-3.1767306327819824,-5.847194671630859,-2.9934189319610596,-5.547946453094482,-2.989147186279297,-4.810430526733398,-3.188831329345703,-4.593786239624023,-1.6850556135177612,-3.19429874420166,0.9045791029930115,0.34834906458854675,0.37262341380119324,-0.5917848348617554,0.4178198575973511,-1.1164782047271729,1.1073521375656128,1.3462891578674316,2.885054111480713,1.666578769683838,2.500687837600708,Neutral
1076-TSI-01-NEU-XX.wav,0.7833492159843445,0.04022984206676483,6.015341180979878,0.002144383227736265,-414.2973937988281,117.7927474975586,14.374513626098633,64.82589721679688,-15.452906608581543,32.332401275634766,-25.20964813232422,12.3736572265625,-13.283446311950684,3.549954652786255,-2.7414445877075195,-2.6914501190185547,8.708260536193848,-10.334186553955078,7.516759872436523,-14.09683895111084,4.865128517150879,-8.425091743469238,2.344242811203003,-3.09346604347229,-4.763989448547363,0.4124715328216553,-4.22334098815918,3.5983903408050537,-5.728092193603516,4.792667865753174,-3.566397190093994,4.287782192230225,-2.1266183853149414,1.6087177991867065,3.1539549827575684,0.6782017350196838,5.278961658477783,-1.4191187620162964,4.211317539215088,-0.03726756200194359,3.240260124206543,-0.8184009194374084,2.401918649673462,-0.11783726513385773,Neutral
1081-TIE-01-NEU-XX.wav,0.8235422968864441,0.045990392565727234,5.763363295014482,-0.009407053149900172,-409.6690979003906,148.33349609375,1.0671147108078003,54.68696975708008,-14.925078392028809,27.147417068481445,-21.973108291625977,6.82363224029541,-6.361016750335693,6.78646183013916,-1.5797536373138428,-4.98584508895874,4.375560283660889,-11.75733470916748,9.712259292602539,-8.481867790222168,0.01028408482670784,-7.9396891593933105,2.0891106128692627,-3.4425652027130127,-4.3606486320495605,-1.6929876804351807,-6.633045673370361,3.2100861072540283,-3.279630184173584,5.637637615203857,-3.940645694732666,0.3131789565086365,-2.782811403274536,2.549833059310913,3.7443952560424805,0.03950466588139534,2.619947671890259,-4.030276298522949,2.0749409198760986,-0.9454174637794495,5.602687358856201,1.9856739044189453,0.7729731202125549,-0.3984723389148712,Neutral
d09-neu-01-NO.wav,0.7271237969398499,2.187058448791504,9.73087797572519,0.00047365838243756877,-359.1963195800781,114.67697143554688,19.176616668701172,31.836957931518555,22.124204635620117,0.060543134808540344,-21.266870498657227,0.43275147676467896,2.2952957153320312,-9.639615058898926,1.902552843093872,-1.3793455362319946,-5.185986518859863,3.308717966079712,3.9864869117736816,-6.212827205657959,-1.9580318927764893,3.214756965637207,-3.850897789001465,-3.2913312911987305,0.7953758239746094,1.3433752059936523,0.8370040655136108,0.20732465386390686,-0.11648590117692947,-3.008664608001709,-1.0771856307983398,1.4939519166946411,-1.7818893194198608,-2.224743604660034,-0.19816574454307556,-0.1629834771156311,-0.5123735070228577,-0.17839011549949646,1.4445631504058838,4.0769758224487305,4.457087516784668,5.461209774017334,5.078754425048828,4.015448093414307,Neutral
h02-neu-01-XX.wav,0.7374416589736938,7.603824615478516,8.147004244247347,-0.015266510986802564,-306.8370056152344,120.98625946044922,-7.044389724731445,11.857168197631836,15.434003829956055,-1.3071269989013672,-33.33431625366211,1.0797690153121948,-2.6227991580963135,-16.87519645690918,3.3242082595825195,-0.020216701552271843,-9.029287338256836,-2.9721224308013916,8.625781059265137,-7.190829753875732,-4.003928184509277,7.133594512939453,-5.305545806884766,-1.8018594980239868,3.2057249546051025,-3.6592249870300293,-2.8044135570526123,-0.8794549703598022,-1.2936820983886719,-3.9501945972442627,-2.820476770401001,3.5849015712738037,6.448965072631836,13.88320255279541,17.6977596282959,15.131526947021484,10.383862495422363,4.628755569458008,2.996152400970459,4.956986904144287,9.520471572875977,8.41028118133545,5.273802757263184,2.8969407081604004,Neutral
OAF-chair-01-neutral.wav,0.7462407350540161,0.045627348124980927,7.749581311784532,0.01484445495788163,-515.2152709960938,63.74940872192383,12.388729095458984,7.73576021194458,14.186640739440918,8.936073303222656,-6.524031639099121,-9.852187156677246,-10.325910568237305,5.29062032699585,-10.348539352416992,3.2858550548553467,-5.283910751342773,7.4783148765563965,8.711908340454102,5.036952972412109,0.9718948006629944,8.925176620483398,-2.8055760860443115,-2.0247700214385986,3.5110697746276855,3.7673866748809814,-5.1555609703063965,0.3716385066509247,-7.381628036499023,3.6620583534240723,-3.2607898712158203,0.6560456156730652,-3.4144818782806396,1.3029147386550903,-5.21560525894165,2.150001287460327,2.8677563667297363,15.03524112701416,24.474365234375,28.748390197753906,26.995025634765625,20.8582706451416,7.293160915374756,2.802959442138672,Neutral
OAF-mob-01-neutral.wav,0.853659987449646,0.031833209097385406,5.480521534866015,-0.05605026366743229,-523.9256591796875,97.75346374511719,24.868562698364258,4.273147106170654,3.794492244720459,5.825603008270264,-5.978309154510498,0.2919926643371582,-15.051412582397461,-5.473750114440918,-8.75244426727295,1.8984352350234985,-5.6039652824401855,8.124135971069336,7.062438011169434,0.5634570121765137,-5.441694259643555,6.282769203186035,-1.3893592357635498,-3.6536431312561035,0.8294609189033508,2.6711559295654297,-4.592033863067627,0.13279394805431366,-6.492607116699219,-1.0810129642486572,-7.59163761138916,0.4438467025756836,-2.2100226879119873,1.2270795106887817,-7.429191589355469,-3.3794682025909424,-7.046357154846191,-1.0656518936157227,10.493637084960938,19.358795166015625,29.609466552734375,32.42088317871094,23.490341186523438,16.3612060546875,Neutral
sa08-neu-01-XX.wav,0.6814892292022705,2.388617753982544,8.35909831123667,0.04080722283074482,-385.4030456542969,99.77253723144531,10.849717140197754,38.230506896972656,19.20622444152832,3.599775791168213,-20.497053146362305,-0.7107647657394409,-1.7801175117492676,-10.810749053955078,3.534672975540161,1.282957673072815,-1.3612614870071411,0.01003999449312687,7.192201137542725,-2.7284719944000244,-2.689511299133301,6.845541477203369,-1.0607523918151855,-1.3456765413284302,-0.3095453381538391,-0.5549752712249756,1.1693129539489746,-1.8939024209976196,-0.5029446482658386,-2.1793692111968994,-1.8711556196212769,1.6976318359375,-1.3233344554901123,0.24226616322994232,2.294539451599121,2.2110111713409424,4.412714958190918,8.163032531738281,13.161382675170898,15.066307067871094,12.151162147521973,7.919874668121338,4.946008205413818,4.370748996734619,Neutral
YAF-ditch-01-neutral.wav,0.7382274866104126,0.1552894115447998,7.582805810680899,0.09047973924059877,-413.840576171875,39.65037536621094,-9.471263885498047,41.64266586303711,-1.7824277877807617,-9.725882530212402,-2.9871511459350586,-14.285810470581055,-2.1868765354156494,4.74512243270874,-16.842666625976562,16.359167098999023,-4.498068809509277,5.599553108215332,0.6984536647796631,-4.015728950500488,3.960599899291992,-1.7894381284713745,-10.159680366516113,2.269594430923462,-1.8285291194915771,-3.6700215339660645,-6.97211217880249,3.243147850036621,-6.915572166442871,0.9642067551612854,-3.9659252166748047,-0.20153586566448212,-7.491390705108643,-3.6547787189483643,-8.415505409240723,6.73120641708374,12.181239128112793,29.12902069091797,30.794023513793945,26.993080139160156,14.09519100189209,1.0889623165130615,-5.7652130126953125,3.368638277053833,Neutral
03-01-03-01-01-02-15.wav,0.7749477028846741,0.008100195787847042,6.824011172186042,-0.006558426191063824,-665.5852661132812,69.54156494140625,4.385484218597412,18.808996200561523,17.373653411865234,1.9425936937332153,8.62281322479248,0.8171098828315735,-0.3010528087615967,6.130512237548828,1.779070258140564,7.6561665534973145,2.6498570442199707,2.4775705337524414,3.0802040100097656,0.8074904680252075,1.8495150804519653,-0.3705991804599762,2.676647663116455,2.210134744644165,-0.6815941333770752,2.413060426712036,-0.5646194815635681,2.1398513317108154,-1.8364535570144653,3.6461355686187744,-2.541567802429199,4.170558452606201,-0.7269186973571777,2.919302225112915,0.9121646285057068,1.4538047313690186,0.6137514710426331,1.7319093942642212,0.004439667332917452,2.137274980545044,0.20439329743385315,1.0155547857284546,-0.5447855591773987,-0.4965386986732483,Sad
03-02-03-02-02-01-20.wav,0.752915620803833,0.042258840054273605,8.125802799849884,0.006505964974091751,-556.2352905273438,33.011131286621094,-22.480148315429688,-3.7493417263031006,-21.033428192138672,-21.808305740356445,-11.691347122192383,-13.930230140686035,-32.12286376953125,1.6808165311813354,-18.310338973999023,-7.086868762969971,-2.77046799659729,-8.865965843200684,-3.831078290939331,-4.935660362243652,1.636489987373352,12.92800235748291,9.6658353805542,19.87423324584961,16.751422882080078,8.645089149475098,0.4199950397014618,-1.3753310441970825,-6.725649356842041,0.4670262336730957,-0.8866198062896729,-1.0475572347640991,-5.886337757110596,-3.9659364223480225,-3.942246437072754,0.7040380835533142,-2.14772891998291,-2.7083582878112793,-2.358027696609497,2.071075201034546,1.893662929534912,0.24625679850578308,0.9712849855422974,4.808939456939697,Sad
1002-TS-03-SAD-XX.wav,0.8379901647567749,0.012062770314514637,5.117289682076936,-0.009423669013902505,-462.3206481933594,135.95831298828125,3.0251920223236084,53.55290222167969,-9.68436336517334,32.72883605957031,-20.332656860351562,10.719465255737305,-5.67088508605957,-2.714580774307251,-8.573101043701172,-7.247215270996094,-3.110506534576416,-15.05505084991455,0.9012997150421143,-18.797748565673828,2.4495015144348145,-9.731432914733887,-5.835166931152344,-6.627383232116699,-3.550640106201172,-1.4163516759872437,-7.004052639007568,-0.2502758204936981,-7.19262170791626,3.3599205017089844,-5.671280384063721,2.4617056846618652,-2.066148281097412,-1.7024338245391846,-1.5059051513671875,-3.4729113578796387,0.9136539101600647,-2.9691736698150635,1.7534524202346802,-4.024065017700195,2.479810953140259,-3.439823627471924,-1.9646650552749634,-1.2165144681930542,Sad
1014-ITS-03-SAD-XX.wav,0.8185726404190063,0.027398187667131424,6.0089690302348755,-0.02402754680128855,-446.9385070800781,137.00315856933594,19.726055145263672,65.64346313476562,-10.316338539123535,24.33722496032715,-14.390450477600098,9.78026008605957,-9.38717269897461,0.5927466750144958,-3.9626827239990234,-3.089211940765381,6.873009204864502,-8.235102653503418,7.15336799621582,-12.095680236816406,-0.6269445419311523,-8.716261863708496,-1.7275536060333252,-4.176799297332764,-2.636096477508545,0.9452862739562988,-4.309954643249512,4.17650032043457,-3.369814157485962,4.354487419128418,-1.3872592449188232,5.9635090827941895,1.4774736166000366,1.5409961938858032,2.7480058670043945,0.834423840045929,3.9189677238464355,-1.487870693206787,3.213834524154663,-1.179980754852295,3.5778026580810547,-0.035086993128061295,2.393052339553833,1.2129555940628052,Sad
1086-TAI-03-SAD-XX.wav,0.8239269852638245,0.08183836936950684,5.321648156551506,-0.014355265897432627,-430.04833984375,134.95462036132812,24.451730728149414,58.68926239013672,-12.13546085357666,16.03151512145996,-13.814595222473145,6.579230308532715,-14.003092765808105,2.8011343479156494,-1.5502272844314575,-9.97787094116211,3.6346030235290527,-5.106248378753662,3.4182229042053223,-7.970759391784668,5.447081089019775,-6.4805827140808105,1.8946703672409058,-0.9815515279769897,-5.025551795959473,0.33361342549324036,-3.7030155658721924,-0.5160604119300842,-2.839658260345459,1.3873978853225708,-7.555760383605957,1.2403491735458374,-4.247308254241943,-0.8766756653785706,0.1371605545282364,-5.0781354904174805,-1.277927041053772,-3.223176956176758,1.8496419191360474,-1.6958194971084595,1.9429264068603516,-3.1804511547088623,-0.6729090809822083,-2.467306137084961,Sad
h10-sad-03-XX.wav,0.7414672374725342,6.203193187713623,8.572408630868171,0.0034224509541328513,-335.750244140625,101.98101043701172,8.776381492614746,20.50642204284668,-8.111800193786621,-0.3196973204612732,-16.34491539001465,-1.3152514696121216,-7.186491012573242,0.792389452457428,1.715234637260437,-5.383749961853027,0.8606395721435547,-3.238770008087158,2.883439779281616,-0.0021427974570542574,-1.1595765352249146,2.572593927383423,-3.764167070388794,-5.27083683013916,0.9759311079978943,-2.602281093597412,1.1308941841125488,0.14732983708381653,-0.9729894399642944,3.68752121925354,3.1982619762420654,1.846411943435669,0.60857754945755,3.3631885051727295,2.3227710723876953,2.163516044616699,2.158633232116699,3.1262383460998535,2.9995508193969727,0.6428938508033752,1.790428876876831,1.7709343433380127,1.9175117015838623,2.423811674118042,Sad
OAF-talk-03-sad.wav,0.831438422203064,0.04732394590973854,6.70349538327067,-0.02499506447458502,-518.4192504882812,67.73546600341797,23.1861515045166,9.50124740600586,13.957098960876465,14.552104949951172,-11.053399085998535,-9.26144027709961,-14.424084663391113,3.901296615600586,-8.874754905700684,2.469823122024536,-3.5164966583251953,9.239252090454102,0.8504080772399902,0.9803001284599304,3.3944098949432373,2.1537253856658936,2.681753396987915,-8.465935707092285,3.3895387649536133,-1.8914682865142822,-5.509729385375977,1.7273601293563843,-5.346024036407471,-1.6596157550811768,-2.6009178161621094,2.214907646179199,-2.890185594558716,2.6153175830841064,5.154328346252441,13.58092975616455,6.012866973876953,12.52877426147461,12.220282554626465,9.600305557250977,10.850563049316406,17.30614471435547,10.858294486999512,9.630289077758789,Sad
OAF-thought-03-sad.wav,0.7932188510894775,0.04789993166923523,6.87457621827231,-0.04118834600324363,-510.5638427734375,70.65750885009766,30.31590461730957,4.494970321655273,7.669155120849609,10.75238037109375,-19.059131622314453,-10.553466796875,-11.109485626220703,8.190591812133789,-15.713017463684082,5.986472129821777,-7.698830604553223,8.455329895019531,2.365553379058838,-3.16062331199646,2.991711378097534,-0.6667325496673584,3.48091197013855,-1.9037724733352661,5.707733154296875,-1.6329553127288818,-5.7497944831848145,2.31478214263916,-8.508201599121094,5.3184590339660645,-0.6343209147453308,7.811684608459473,3.6452736854553223,16.13663101196289,14.718671798706055,11.978195190429688,4.919815540313721,0.7372603416442871,-0.722142219543457,3.8520424365997314,12.492314338684082,15.587646484375,8.61938762664795,10.336644172668457,Sad
su02-sad-03-XX.wav,0.7448869347572327,5.481276035308838,8.735216290361441,0.008320799453807924,-325.8404846191406,80.68165588378906,-2.265251874923706,16.545482635498047,-3.2495479583740234,0.4400150179862976,-19.384992599487305,-6.592920780181885,-5.067228317260742,5.134040832519531,-1.1962916851043701,-6.6295881271362305,0.5398515462875366,-1.1917492151260376,8.970133781433105,4.31820011138916,2.953141689300537,4.045929908752441,-1.4043704271316528,-1.325426459312439,0.6532496213912964,1.2833967208862305,4.279199123382568,-0.13333632051944733,-0.8610915541648865,1.6884212493896484,3.569960355758667,4.447213172912598,1.9920506477355957,2.8625166416168213,2.3748433589935303,3.2435760498046875,2.797975778579712,1.4043455123901367,2.045044422149658,2.926182508468628,3.333050012588501,3.056835651397705,4.338596820831299,5.500339508056641,Sad
YAF-team-03-sad.wav,0.7666841149330139,0.4237012565135956,6.870957117520838,-0.006421771496380995,-399.3102722167969,62.71284866333008,29.313003540039062,41.15681457519531,3.0644493103027344,5.554924488067627,-1.4799734354019165,-14.13930606842041,-2.74429988861084,-3.9420268535614014,-7.934736251831055,1.42408287525177,-11.61622142791748,8.424667358398438,-8.436638832092285,1.3736658096313477,-0.9623109698295593,-1.7741658687591553,-6.729996204376221,-3.2634830474853516,-10.161624908447266,-4.986032485961914,-7.581046104431152,-0.007656417787075043,-2.096076250076294,5.140156269073486,1.080428957939148,3.3407318592071533,0.12668032944202423,-0.9723106026649475,-2.7115118503570557,8.110285758972168,5.549952030181885,9.815719604492188,4.78903865814209,5.370461940765381,2.1740598678588867,5.742269039154053,6.643469333648682,8.091765403747559,Sad
03-01-07-01-01-01-20.wav,0.807731032371521,0.008838964626193047,5.763150179577294,-0.007074660129938919,-649.1406860351562,32.95758056640625,-17.10845947265625,5.332817077636719,-7.229073524475098,-7.368628025054932,-9.736570358276367,-15.525973320007324,-5.944023609161377,-4.7407026290893555,-7.001634120941162,-2.7262542247772217,-5.619786739349365,-1.7292906045913696,-6.246312618255615,-6.677430152893066,-7.054871082305908,-5.64362907409668,-4.7141876220703125,-4.058752059936523,-0.5370659828186035,-0.4537137746810913,0.640367329120636,2.2825233936309814,1.4763678312301636,0.38149794936180115,0.4974687993526459,2.0050437450408936,1.619292974472046,4.170568943023682,0.4881058931350708,0.16151949763298035,-3.177003860473633,1.091451644897461,1.1349271535873413,2.029663562774658,-1.368310809135437,-0.962192952632904,-2.4322280883789062,0.7145259976387024,Surprised
03-01-07-01-01-02-22.wav,0.7031252980232239,0.0406058095395565,7.7899781085885875,0.008016144288966088,-571.842041015625,45.543277740478516,-14.60010051727295,-3.2423408031463623,-5.9358134269714355,-10.895988464355469,-14.132140159606934,-9.532711029052734,-14.452839851379395,-2.4450149536132812,-7.102309226989746,-10.288728713989258,-2.9644711017608643,-9.493715286254883,-1.0432339906692505,-4.326573371887207,-4.699248313903809,1.886162281036377,-1.172316312789917,-1.0714186429977417,-1.4385989904403687,0.1852668672800064,-1.6792874336242676,1.9161913394927979,-1.7484939098358154,1.7051118612289429,-1.7663607597351074,2.739426612854004,0.3102444112300873,2.995997428894043,1.0865087509155273,1.5540547370910645,0.685251772403717,3.6085808277130127,1.804067611694336,1.4029109477996826,1.0699549913406372,0.3702545762062073,-1.9022504091262817,-0.7131165862083435,Surprised
03-01-07-01-02-01-05.wav,0.827116072177887,0.008868756704032421,5.89982462765069,0.0049830271945812965,-655.4500122070312,56.322566986083984,-6.400521755218506,8.787311553955078,3.9725420475006104,-9.133386611938477,-0.7639961242675781,-6.034675121307373,-8.503091812133789,-1.5760746002197266,-2.020416498184204,-1.3598495721817017,-0.4451119005680084,-0.36482566595077515,-1.847257137298584,2.3250813484191895,-4.838027477264404,-1.3627666234970093,-0.6491544246673584,0.3541918992996216,-2.0240638256073,-0.07945291697978973,-4.129446506500244,0.6526719927787781,-2.2741105556488037,2.4635422229766846,-1.1524351835250854,2.3897855281829834,-1.4052355289459229,2.9261465072631836,0.8165872693061829,3.7651069164276123,2.466621160507202,3.792579174041748,2.754467487335205,2.8339343070983887,-0.26165971159935,1.2198747396469116,0.7272499799728394,3.597083330154419,Surprised
03-01-07-02-01-02-15.wav,0.7705973982810974,0.04022056236863136,6.592933109852502,-0.01897135506286739,-565.3638916015625,62.362548828125,-5.268550395965576,18.881412506103516,15.333792686462402,-2.043020009994507,2.8729217052459717,1.8076590299606323,-3.15617036819458,5.930028915405273,2.7265608310699463,1.4377044439315796,0.8787535429000854,3.9979546070098877,3.1369941234588623,2.1047000885009766,2.3857054710388184,-2.2576513290405273,1.5989161729812622,2.851699113845825,-2.0808486938476562,3.486391544342041,-0.11817054450511932,3.3918075561523438,-0.752356231212616,2.7164316177368164,-1.431517481803894,2.9144766330718994,-1.6685137748718262,2.864982843399048,1.515641689300537,1.9423294067382812,0.9159659147262573,0.2660692036151886,-0.4953983426094055,2.245755672454834,0.3658992350101471,2.1701204776763916,1.0595169067382812,1.2952696084976196,Surprised
OAF-chief-07-ps.wav,0.7280933856964111,0.1380717009305954,8.35213767857778,0.004702419103621342,-410.328369140625,52.92328643798828,6.993929862976074,13.303818702697754,16.383438110351562,-5.846744537353516,-11.953601837158203,4.835576057434082,-18.28606605529785,-2.50661301612854,-15.32617473602295,-5.948145866394043,-2.5352466106414795,-2.8988585472106934,-3.3100340366363525,2.200310230255127,-4.953381061553955,12.173673629760742,-0.8738185167312622,3.3474557399749756,4.32869815826416,5.675800323486328,-2.9368109703063965,4.833691120147705,-2.015188455581665,7.024533271789551,-1.2792903184890747,7.070815086364746,-1.3305091857910156,4.144158363342285,-2.3923795223236084,1.7971453666687012,-0.45045796036720276,7.132359027862549,5.824459552764893,12.757956504821777,10.253841400146484,10.530768394470215,7.678690433502197,8.462554931640625,Surprised
OAF-learn-07-ps.wav,0.8405686020851135,0.3498135507106781,5.981992797684339,0.026695462300280092,-395.51202392578125,81.23816680908203,11.027928352355957,-18.48613929748535,-0.7694861888885498,-0.488296240568161,-16.474315643310547,-5.974764347076416,-20.220504760742188,-1.1294881105422974,-16.876930236816406,-5.355742454528809,-2.8175008296966553,-1.4824525117874146,-3.734402656555176,-0.09798823297023773,-4.0178704261779785,10.806500434875488,-1.655388355255127,1.7851531505584717,1.6246055364608765,3.690171480178833,-3.9715747833251953,4.608607769012451,-3.1207940578460693,6.320462226867676,1.3239688873291016,10.826674461364746,4.1533708572387695,7.98354434967041,2.865739345550537,4.53536319732666,9.165511131286621,11.36511516571045,13.572117805480957,13.14909839630127,7.9883928298950195,9.752751350402832,2.0595898628234863,8.007473945617676,Surprised
YAF-bean-07-ps.wav,0.7705227136611938,0.37147727608680725,7.04525248684326,0.007360802791934106,-397.0726623535156,39.00049591064453,-3.20469331741333,20.983917236328125,-6.817206382751465,-11.337174415588379,-20.242271423339844,-17.697521209716797,-13.449872970581055,-0.9790511131286621,-11.591951370239258,4.382816314697266,-1.901047945022583,4.5966949462890625,-2.6297061443328857,2.5079448223114014,5.576694488525391,0.803267240524292,-6.232320785522461,7.5184221267700195,-3.496129274368286,4.234492301940918,-1.1644569635391235,1.623946189880371,0.47433480620384216,1.9696980714797974,-1.4255025386810303,8.46926212310791,6.475102424621582,10.912236213684082,7.407858848571777,13.871533393859863,6.421944618225098,6.7389607429504395,2.7718944549560547,3.2916219234466553,-0.0688919872045517,1.3707733154296875,1.0567539930343628,-1.3137712478637695,Surprised
YAF-dime-07-ps.wav,0.781409502029419,0.3965393006801605,7.714914752348659,0.011962404795053089,-362.4520568847656,40.723716735839844,-26.807390213012695,-7.92207145690918,-12.887033462524414,-6.907997131347656,-21.41547393798828,-16.676393508911133,-11.712772369384766,6.339290142059326,-9.834967613220215,2.970648765563965,-1.2656720876693726,7.514684677124023,-1.2405836582183838,4.683784008026123,-1.5335501432418823,3.2870242595672607,-2.5431056022644043,2.835547685623169,-5.268758773803711,0.6061083078384399,-3.2573680877685547,2.0474045276641846,-0.6490426659584045,5.802144527435303,2.114128589630127,8.118404388427734,6.0344109535217285,7.471537113189697,2.7119877338409424,9.292863845825195,1.7442458868026733,7.199145793914795,7.518816947937012,7.1412248611450195,5.857486724853516,3.307353973388672,1.184584140777588,1.6901683807373047,Surprised
YAF-jail-07-ps.wav,0.7668260335922241,0.41629359126091003,7.480993592799626,0.0028369154091774694,-349.001708984375,36.24715042114258,-7.9772796630859375,-5.760656356811523,-16.906213760375977,-8.626228332519531,-17.9713134765625,-8.689191818237305,-14.612565040588379,6.541317939758301,-6.327949523925781,6.376560211181641,4.3574066162109375,4.564301013946533,-4.794958114624023,3.273899793624878,-0.3932786285877228,3.5519187450408936,-3.251718521118164,-1.967340111732483,-3.0338573455810547,6.166562080383301,2.2237801551818848,1.5273207426071167,-1.726572871208191,-0.36185455322265625,-1.4583929777145386,0.7612725496292114,2.4902491569519043,6.2501115798950195,6.067163944244385,12.998970031738281,6.13552188873291,8.015470504760742,2.8976221084594727,4.56628942489624,3.1944589614868164,5.974677085876465,3.908414602279663,1.523788332939148,Surprised
YAF-nice-07-ps.wav,0.7070331573486328,0.2128046751022339,8.43471297733391,0.010153005537317444,-359.008056640625,35.58103561401367,0.26791325211524963,-5.605035781860352,-16.56121063232422,-0.8353729248046875,-11.406896591186523,-12.781288146972656,-10.09481430053711,2.327866315841675,-11.553624153137207,4.427516460418701,-5.341879844665527,10.214804649353027,2.6809306144714355,5.0942769050598145,3.9275686740875244,3.9668898582458496,-3.2522895336151123,2.9303088188171387,-3.7038559913635254,4.444335460662842,-2.760028123855591,2.715057849884033,1.1935651302337646,5.661773204803467,3.4937021732330322,6.194001197814941,2.8528025150299072,3.3055694103240967,-1.8276493549346924,1.2968612909317017,1.354058861732483,5.319360733032227,4.018130302429199,8.538883209228516,3.6945085525512695,6.822704792022705,0.42779865860939026,4.11694860458374,Surprised
